[
	{
		"date":"2018-08-20",
		"letter":"A"
	},
	{
		"date":"2018-08-21",
		"letter":"B"
	},
	{
		"date":"2018-08-22",
		"letter":"I"
	},
	{
		"date":"2018-08-23",
		"letter":"C"
	},
	{
		"date":"2018-08-24",
		"letter":"D"
	},
	{
		"date":"2018-08-26",
		"letter":"S"
	},
	{
		"date":"2018-08-27",
		"letter":"A"
	},
	{
		"date":"2018-08-28",
		"letter":"B"
	},
	{
		"date":"2018-08-29",
		"letter":"I"
	},
	{
		"date":"2018-08-30",
		"letter":"C"
	},
	{
		"date":"2018-08-31",
		"letter":"D"
	},
	{
		"date":"2018-09-02",
		"letter":"S"
	},
	{
		"date":"2018-09-04",
		"letter":"A"
	},
	{
		"date":"2018-09-05",
		"letter":"B"
	},
	{
		"date":"2018-09-06",
		"letter":"C"
	},
	{
		"date":"2018-09-07",
		"letter":"D"
	},
	{
		"date":"2018-09-09",
		"letter":"S"
	},
	{
		"date":"2018-09-10",
		"letter":"A"
	},
	{
		"date":"2018-09-11",
		"letter":"B"
	},
	{
		"date":"2018-09-12",
		"letter":"I"
	},
	{
		"date":"2018-09-13",
		"letter":"C"
	},
	{
		"date":"2018-09-14",
		"letter":"D"
	},
	{
		"date":"2018-09-16",
		"letter":"S"
	},
	{
		"date":"2018-09-17",
		"letter":"A"
	},
	{
		"date":"2018-09-18",
		"letter":"B"
	},
	{
		"date":"2018-09-19",
		"letter":"I"
	},
	{
		"date":"2018-09-20",
		"letter":"C"
	},
	{
		"date":"2018-09-21",
		"letter":"D"
	},
	{
		"date":"2018-09-23",
		"letter":"S"
	},
	{
		"date":"2018-09-24",
		"letter":"A"
	},
	{
		"date":"2018-09-25",
		"letter":"B"
	},
	{
		"date":"2018-09-26",
		"letter":"I"
	},
	{
		"date":"2018-09-27",
		"letter":"C"
	},
	{
		"date":"2018-09-28",
		"letter":"D"
	},
	{
		"date":"2018-09-30",
		"letter":"S"
	},
	{
		"date":"2018-10-01",
		"letter":"A"
	},
	{
		"date":"2018-10-02",
		"letter":"B"
	},
	{
		"date":"2018-10-03",
		"letter":"I"
	},
	{
		"date":"2018-10-04",
		"letter":"C"
	},
	{
		"date":"2018-10-09",
		"letter":"D"
	},
	{
		"date":"2018-10-10",
		"letter":"I"
	},
	{
		"date":"2018-10-11",
		"letter":"A"
	},
	{
		"date":"2018-10-12",
		"letter":"D"
	},
	{
		"date":"2018-10-14",
		"letter":"S"
	},
	{
		"date":"2018-10-15",
		"letter":"A"
	},
	{
		"date":"2018-10-16",
		"letter":"B"
	},
	{
		"date":"2018-10-17",
		"letter":"I"
	},
	{
		"date":"2018-10-18",
		"letter":"C"
	},
	{
		"date":"2018-10-19",
		"letter":"D"
	},
	{
		"date":"2018-10-21",
		"letter":"S"
	},
	{
		"date":"2018-10-22",
		"letter":"A"
	},
	{
		"date":"2018-10-23",
		"letter":"B"
	},
	{
		"date":"2018-10-24",
		"letter":"I"
	},
	{
		"date":"2018-10-25",
		"letter":"C"
	},
	{
		"date":"2018-10-26",
		"letter":"D"
	},
	{
		"date":"2018-10-28",
		"letter":"S"
	},
	{
		"date":"2018-10-29",
		"letter":"A"
	},
	{
		"date":"2018-10-30",
		"letter":"B"
	},
	{
		"date":"2018-10-31",
		"letter":"I"
	},
	{
		"date":"2018-11-01",
		"letter":"C"
	},
	{
		"date":"2018-11-02",
		"letter":"D"
	},
	{
		"date":"2018-11-04",
		"letter":"S"
	},
	{
		"date":"2018-11-05",
		"letter":"A"
	},
	{
		"date":"2018-11-06",
		"letter":"B"
	},
	{
		"date":"2018-11-07",
		"letter":"I"
	},
	{
		"date":"2018-11-08",
		"letter":"C"
	},
	{
		"date":"2018-11-09",
		"letter":"D"
	},
	{
		"date":"2018-11-11",
		"letter":"S"
	},
	{
		"date":"2018-11-12",
		"letter":"A"
	},
	{
		"date":"2018-11-13",
		"letter":"B"
	},
	{
		"date":"2018-11-14",
		"letter":"I"
	},
	{
		"date":"2018-11-15",
		"letter":"C"
	},
	{
		"date":"2018-11-16",
		"letter":"D"
	},
	{
		"date":"2018-11-18",
		"letter":"S"
	},
	{
		"date":"2018-11-19",
		"letter":"A"
	},
	{
		"date":"2018-11-20",
		"letter":"D"
	},
	{
		"date":"2018-11-26",
		"letter":"A"
	},
	{
		"date":"2018-11-27",
		"letter":"B"
	},
	{
		"date":"2018-11-28",
		"letter":"I"
	},
	{
		"date":"2018-11-29",
		"letter":"C"
	},
	{
		"date":"2018-11-30",
		"letter":"D"
	},
	{
		"date":"2018-12-02",
		"letter":"S"
	},
	{
		"date":"2018-12-03",
		"letter":"A"
	},
	{
		"date":"2018-12-04",
		"letter":"B"
	},
	{
		"date":"2018-12-05",
		"letter":"I"
	},
	{
		"date":"2018-12-06",
		"letter":"C"
	},
	{
		"date":"2018-12-07",
		"letter":"D"
	},
	{
		"date":"2018-12-09",
		"letter":"S"
	},
	{
		"date":"2018-12-10",
		"letter":"A"
	},
	{
		"date":"2018-12-11",
		"letter":"B"
	},
	{
		"date":"2018-12-12",
		"letter":"I"
	},
	{
		"date":"2018-12-13",
		"letter":"C"
	},
	{
		"date":"2018-12-14",
		"letter":"D"
	},
	{
		"date":"2018-12-16",
		"letter":"S"
	},
	{
		"date":"2019-01-13",
		"letter":"S"
	},
	{
		"date":"2019-01-14",
		"letter":"A"
	},
	{
		"date":"2019-01-15",
		"letter":"B"
	},
	{
		"date":"2019-01-16",
		"letter":"I"
	},
	{
		"date":"2019-01-17",
		"letter":"C"
	},
	{
		"date":"2019-01-18",
		"letter":"D"
	},
	{
		"date":"2019-01-20",
		"letter":"S"
	},
	{
		"date":"2019-01-22",
		"letter":"A"
	},
	{
		"date":"2019-01-23",
		"letter":"B"
	},
	{
		"date":"2019-01-24",
		"letter":"C"
	},
	{
		"date":"2019-01-25",
		"letter":"D"
	},
	{
		"date":"2019-01-27",
		"letter":"S"
	},
	{
		"date":"2019-01-28",
		"letter":"A"
	},
	{
		"date":"2019-01-29",
		"letter":"B"
	},
	{
		"date":"2019-01-30",
		"letter":"I"
	},
	{
		"date":"2019-01-31",
		"letter":"C"
	},
	{
		"date":"2019-02-01",
		"letter":"D"
	},
	{
		"date":"2019-02-03",
		"letter":"S"
	},
	{
		"date":"2019-02-04",
		"letter":"A"
	},
	{
		"date":"2019-02-05",
		"letter":"B"
	},
	{
		"date":"2019-02-06",
		"letter":"I"
	},
	{
		"date":"2019-02-07",
		"letter":"C"
	},
	{
		"date":"2019-02-08",
		"letter":"D"
	},
	{
		"date":"2019-02-10",
		"letter":"S"
	},
	{
		"date":"2019-02-11",
		"letter":"A"
	},
	{
		"date":"2019-02-12",
		"letter":"B"
	},
	{
		"date":"2019-02-13",
		"letter":"I"
	},
	{
		"date":"2019-02-14",
		"letter":"C"
	},
	{
		"date":"2019-02-19",
		"letter":"D"
	},
	{
		"date":"2019-02-20",
		"letter":"I"
	},
	{
		"date":"2019-02-21",
		"letter":"A"
	},
	{
		"date":"2019-02-22",
		"letter":"D"
	},
	{
		"date":"2019-02-24",
		"letter":"S"
	},
	{
		"date":"2019-02-25",
		"letter":"A"
	},
	{
		"date":"2019-02-26",
		"letter":"B"
	},
	{
		"date":"2019-02-27",
		"letter":"C"
	},
	{
		"date":"2019-02-28",
		"letter":"D"
	},
	{
		"date":"2019-03-01",
		"letter":"I"
	},
	{
		"date":"2019-03-03",
		"letter":"S"
	},
	{
		"date":"2019-03-04",
		"letter":"A"
	},
	{
		"date":"2019-03-05",
		"letter":"B"
	},
	{
		"date":"2019-03-06",
		"letter":"I"
	},
	{
		"date":"2019-03-07",
		"letter":"C"
	},
	{
		"date":"2019-03-08",
		"letter":"D"
	},
	{
		"date":"2019-03-10",
		"letter":"S"
	},
	{
		"date":"2019-03-11",
		"letter":"A"
	},
	{
		"date":"2019-03-12",
		"letter":"B"
	},
	{
		"date":"2019-03-13",
		"letter":"I"
	},
	{
		"date":"2019-03-14",
		"letter":"C"
	},
	{
		"date":"2019-03-15",
		"letter":"D"
	},
	{
		"date":"2019-03-24",
		"letter":"S"
	},
	{
		"date":"2019-03-25",
		"letter":"A"
	},
	{
		"date":"2019-03-26",
		"letter":"B"
	},
	{
		"date":"2019-03-27",
		"letter":"I"
	},
	{
		"date":"2019-03-28",
		"letter":"C"
	},
	{
		"date":"2019-03-29",
		"letter":"D"
	},
	{
		"date":"2019-03-31",
		"letter":"S"
	},
	{
		"date":"2019-04-01",
		"letter":"A"
	},
	{
		"date":"2019-04-02",
		"letter":"B"
	},
	{
		"date":"2019-04-03",
		"letter":"I"
	},
	{
		"date":"2019-04-04",
		"letter":"C"
	},
	{
		"date":"2019-04-05",
		"letter":"D"
	},
	{
		"date":"2019-04-07",
		"letter":"S"
	},
	{
		"date":"2019-04-08",
		"letter":"A"
	},
	{
		"date":"2019-04-09",
		"letter":"B"
	},
	{
		"date":"2019-04-10",
		"letter":"I"
	},
	{
		"date":"2019-04-11",
		"letter":"C"
	},
	{
		"date":"2019-04-12",
		"letter":"D"
	},
	{
		"date":"2019-04-14",
		"letter":"S"
	},
	{
		"date":"2019-04-15",
		"letter":"A"
	},
	{
		"date":"2019-04-16",
		"letter":"B"
	},
	{
		"date":"2019-04-17",
		"letter":"I"
	},
	{
		"date":"2019-04-18",
		"letter":"C"
	},
	{
		"date":"2019-04-23",
		"letter":"D"
	},
	{
		"date":"2019-04-24",
		"letter":"A"
	},
	{
		"date":"2019-04-25",
		"letter":"D"
	},
	{
		"date":"2019-04-26",
		"letter":"I"
	},
	{
		"date":"2019-04-28",
		"letter":"S"
	},
	{
		"date":"2019-04-29",
		"letter":"A"
	},
	{
		"date":"2019-04-30",
		"letter":"B"
	},
	{
		"date":"2019-05-01",
		"letter":"I"
	},
	{
		"date":"2019-05-02",
		"letter":"C"
	},
	{
		"date":"2019-05-03",
		"letter":"D"
	},
	{
		"date":"2019-05-05",
		"letter":"S"
	},
	{
		"date":"2019-05-06",
		"letter":"A"
	},
	{
		"date":"2019-05-07",
		"letter":"B"
	},
	{
		"date":"2019-05-08",
		"letter":"I"
	},
	{
		"date":"2019-05-09",
		"letter":"C"
	},
	{
		"date":"2019-05-10",
		"letter":"D"
	},
	{
		"date":"2019-05-12",
		"letter":"S"
	},
	{
		"date":"2019-05-13",
		"letter":"A"
	},
	{
		"date":"2019-05-14",
		"letter":"B"
	},
	{
		"date":"2019-05-15",
		"letter":"C"
	},
	{
		"date":"2019-05-16",
		"letter":"D"
	},
	{
		"date":"2019-05-17",
		"letter":"I"
	},
	{
		"date":"2019-05-19",
		"letter":"S"
	},
	{
		"date":"2019-05-20",
		"letter":"A"
	},
	{
		"date":"2019-05-21",
		"letter":"B"
	},
	{
		"date":"2019-05-22",
		"letter":"I"
	},
	{
		"date":"2019-05-23",
		"letter":"C"
	},
	{
		"date":"2019-05-24",
		"letter":"D"
	}
]
