[
	{
		"Name":"﻿Jasmine Oolong",
		"Description":"Delicate and floral with light earthy tones",
		"CaffeineLevel":2,
		"PricePerOunce":7.99,
		"Image":"Teas/﻿Jasmine Oolong.png",
		"Category":"Oolong"
	},
	{
		"Name":"Guang Zhou Milk",
		"Description":"Velvety smooth, and creamy, with tempting hints of orchid",
		"CaffeineLevel":2,
		"PricePerOunce":7.49,
		"Image":"Teas/Guang Zhou Milk.png",
		"Category":"Oolong"
	},
	{
		"Name":"Vanilla Orchid",
		"Description":"Lightly sweet, and creamy. Delicate and floral with orchid aromas",
		"CaffeineLevel":1,
		"PricePerOunce":7.49,
		"Image":"Teas/Vanilla Orchid.png",
		"Category":"Oolong"
	},
	{
		"Name":"Phoenix Orchid",
		"Description":"Strong notes of lychee and plum, with pleasant hints of toasted caramel",
		"CaffeineLevel":1,
		"PricePerOunce":12.99,
		"Image":"Teas/Phoenix Orchid.png",
		"Category":"Oolong"
	},
	{
		"Name":"Sticky Rice",
		"Description":"Sweet and creamy with satisfying sticky rice taste",
		"CaffeineLevel":1,
		"PricePerOunce":7.99,
		"Image":"Teas/Sticky Rice.png",
		"Category":"Oolong"
	},
	{
		"Name":"Tie Kwan Yin",
		"Description":"A crisp and nutty tea supposedly gifted to a farmer by the goddess of Mercy",
		"CaffeineLevel":3,
		"PricePerOunce":7.99,
		"Image":"Teas/Tie Kwan Yin.png",
		"Category":"Oolong"
	},
	{
		"Name":"Coconut Cream Pie",
		"Description":"Delectable, rich coconut flavors. Velvety, sweet, and creamy",
		"CaffeineLevel":2,
		"PricePerOunce":5.99,
		"Image":"Teas/Coconut Cream Pie.png",
		"Category":"Oolong"
	},
	{
		"Name":"Cardamom French Toast",
		"Description":"Sweet, buttery, spiced",
		"CaffeineLevel":2,
		"PricePerOunce":4.49,
		"Image":"Teas/Cardamom French Toast.png",
		"Category":"Black"
	},
	{
		"Name":"Dark Honey",
		"Description":"Luxurious golden flavor with the distinguished lingering sweetness of honey",
		"CaffeineLevel":3,
		"PricePerOunce":8.49,
		"Image":"Teas/Dark Honey.png",
		"Category":"Black"
	},
	{
		"Name":"Cream of Earl Grey",
		"Description":"Bursts of citrus but with touches of vanilla for a creamy finish",
		"CaffeineLevel":3,
		"PricePerOunce":3.99,
		"Image":"Teas/Cream of Earl Grey.png",
		"Category":"Black"
	},
	{
		"Name":"Gilded Skies",
		"Description":"Warm cinnamon, aromatic clove, comforting, creamy vanilla with sugar stars for added sweetness. Ideal for lattes",
		"CaffeineLevel":3,
		"PricePerOunce":4.99,
		"Image":"Teas/Gilded Skies.png",
		"Category":"Black"
	},
	{
		"Name":"Kenyan Tinderet",
		"Description":"Bold, strong, malty, earthy, with touches of honey sweetness",
		"CaffeineLevel":3,
		"PricePerOunce":4.99,
		"Image":"Teas/Kenyan Tinderet.png",
		"Category":"Black"
	},
	{
		"Name":"Lavender Vanilla Swirl",
		"Description":"Sweet and creamy, floral and dreamy",
		"CaffeineLevel":1,
		"PricePerOunce":5.99,
		"Image":"Teas/Lavender Vanilla Swirl.png",
		"Category":"Black"
	},
	{
		"Name":"Pearl Blend",
		"Description":"Green and white teas for refreshing delicacy. Sweet, floral pearls of Jasmine. Luscious aromas from Hibiscus buds",
		"CaffeineLevel":2,
		"PricePerOunce":6.49,
		"Image":"Teas/Pearl Blend.png",
		"Category":"Black"
	},
	{
		"Name":"Cherry Blossom",
		"Description":"Juicy cherries, charming rose petals, and creamy coconut make a romantic, even aphrodisiac blend",
		"CaffeineLevel":1,
		"PricePerOunce":6.49,
		"Image":"Teas/Cherry Blossom.png",
		"Category":"White"
	},
	{
		"Name":"Lavender Buttercream",
		"Description":"Sweet and creamy like buttercream icing, and laced with aromatic lavender. Ideal for iced, frothy lattes",
		"CaffeineLevel":0,
		"PricePerOunce":4.99,
		"Image":"Teas/Lavender Buttercream.png",
		"Category":"Rooibos"
	},
	{
		"Name":"Cotton Candy",
		"Description":"Sweet rooibos, candied mango, and sugary sprinkles for a fun flavor",
		"CaffeineLevel":0,
		"PricePerOunce":4.49,
		"Image":"Teas/Cotton Candy.png",
		"Category":"Rooibos"
	},
	{
		"Name":"Malawi Pearls",
		"Description":"Steeps a stunning sunshine yellow. Has a light buttery flavor, with vegetal and citrus notes, and a light artichoke aroma",
		"CaffeineLevel":1,
		"PricePerOunce":10.98,
		"Image":"Teas/Malawi Pearls.png",
		"Category":"White"
	},
	{
		"Name":"Seaberry Spa",
		"Description":"Relaxing lemon palm, memory-supportive rosemary, skin-saving sea buckthorn, and gently tart raspberry leaf, with fresh apple and wildflower aromas. Soothing aromatherapy and spa trip in a cup",
		"CaffeineLevel":1,
		"PricePerOunce":5.99,
		"Image":"Teas/Seaberry Spa.png",
		"Category":"White"
	},
	{
		"Name":"Silk Dragon Jasmine",
		"Description":"Night blooming jasmine is plucked in the morning and kept cool until night, when the flowers burst open to release their aromas onto the green tea leaves. This process is repeated over the course of five days, guaranteeing a magical jasmine flavor that you’re sure to treasure",
		"CaffeineLevel":2,
		"PricePerOunce":4.49,
		"Image":"Teas/Silk Dragon Jasmine.png",
		"Category":"Green"
	},
	{
		"Name":"Pura Vida",
		"Description":"Refreshing pineapple and and a touch of relaxing chamomile to quench a topical, summery thirst.",
		"CaffeineLevel":1,
		"PricePerOunce":4.49,
		"Image":"Teas/Pura Vida.png",
		"Category":"Green"
	},
	{
		"Name":"Sweet Almond",
		"Description":"Nutty kiss of almond and bright marigold and cornflower petals create a sweet, subtle, and festive blend",
		"CaffeineLevel":2,
		"PricePerOunce":4.49,
		"Image":"Teas/Sweet Almond.png",
		"Category":"Green"
	},
	{
		"Name":"Dragonwell",
		"Description":"Toasty with hints of chestnut make a mellow, slightly malty tea good for savouring after a hard day",
		"CaffeineLevel":2,
		"PricePerOunce":7.99,
		"Image":"Teas/Dragonwell.png",
		"Category":"Green"
	},
	{
		"Name":"Butterfly Jasmine",
		"Description":"Delicate jasmine petals and green tea leaves unfurl into butterflies as they steep. Delicately floral, with a seductive aroma.",
		"CaffeineLevel":1,
		"PricePerOunce":12.49,
		"Image":"Teas/Butterfly Jasmine.png",
		"Category":"Green"
	},
	{
		"Name":"Butter Sencha",
		"Description":"Mouthwateringly bold and crisp, with rich, caramelized butter notes that highlight its umami flavor",
		"CaffeineLevel":2,
		"PricePerOunce":6.99,
		"Image":"Teas/Butter Sencha.png",
		"Category":"Green"
	},
	{
		"Name":"Strawberry Matcha",
		"Description":"A sweet and fruity matcha with energizing and fun candy-like flavor",
		"CaffeineLevel":2,
		"PricePerOunce":5.49,
		"Image":"Teas/Strawberry Matcha.png",
		"Category":"Matcha"
	},
	{
		"Name":"Peach Matcha",
		"Description":"A juicy and sweet perfect iced or added to smoothies.",
		"CaffeineLevel":2,
		"PricePerOunce":5.49,
		"Image":"Teas/Peach Matcha.png",
		"Category":"Matcha"
	}
]
