[
	{
		"email":"vadivi@imsa.edu",
		"first_name":"Vibbav",
		"last_name":"Adivi",
		"username":"vadivi",
		"password":"Vadivi1!",
		"graduation_year":2020
	},
	{
		"email":"schalasani@imsa.edu",
		"first_name":"Vasu",
		"last_name":"Chalasani",
		"username":"schalasani",
		"password":"Schalasani1!",
		"graduation_year":2020
	},
	{
		"email":"achurchill@imsa.edu",
		"first_name":"Amy",
		"last_name":"Churchill",
		"username":"achurchill",
		"password":"Achurchill1!",
		"graduation_year":2020
	},
	{
		"email":"tdaniel@imsa.edu",
		"first_name":"Tristan",
		"last_name":"Daniel",
		"username":"tdaniel",
		"password":"Tdaniel1!",
		"graduation_year":2020
	},
	{
		"email":"tkovach@imsa.edu",
		"first_name":"Torin",
		"last_name":"Kovach",
		"username":"tkovach",
		"password":"Tkovach1!",
		"graduation_year":2019
	},
	{
		"email":"jlee9@imsa.edu",
		"first_name":"Ji Yoon",
		"last_name":"Lee",
		"username":"jlee9",
		"password":"Jlee91!",
		"graduation_year":2020
	},
	{
		"email":"tlyke@imsa.edu",
		"first_name":"Trenton",
		"last_name":"Lyke",
		"username":"tlyke",
		"password":"Tlyke1!",
		"graduation_year":2020
	},
	{
		"email":"emaxey@imsa.edu",
		"first_name":"Eden",
		"last_name":"Maxey",
		"username":"emaxey",
		"password":"Emaxey1!",
		"graduation_year":2019
	},
	{
		"email":"lmilavec@imsa.edu",
		"first_name":"Lucas",
		"last_name":"Milavec",
		"username":"lmilavec",
		"password":"Lmilavec1!",
		"graduation_year":2020
	},
	{
		"email":"morr@imsa.edu",
		"first_name":"Max",
		"last_name":"Orr",
		"username":"morr",
		"password":"Morr1!",
		"graduation_year":2020
	},
	{
		"email":"nramos@imsa.edu",
		"first_name":"Nicholas",
		"last_name":"Ramos",
		"username":"nramos",
		"password":"Nramos!",
		"graduation_year":2019
	},
	{
		"email":"byang1@imsa.edu",
		"first_name":"Breanna",
		"last_name":"Yang",
		"username":"byang1",
		"password":"Byang11!",
		"graduation_year":2020
	}
]
