[
	{
		"email":"vadivi@imsa.edu",
		"first_name":"Vibbav",
		"last_name":"Adivi",
		"computer_science_inquiry":true,
		"object_oriented_programming":true,
		"web_technologies":false,
		"advanced_programming":false,
		"microcontroller_applications":false,
		"advanced_web_technologies":false,
		"android_apps_development":false,
		"unix_linux_and_cybersecurity":false,
		"machine_learning":false,
		"computational_science":false
	},
	{
		"email":"schalasani@imsa.edu",
		"first_name":"Vasu",
		"last_name":"Chalasani",
		"computer_science_inquiry":true,
		"object_oriented_programming":true,
		"web_technologies":false,
		"advanced_programming":false,
		"microcontroller_applications":false,
		"advanced_web_technologies":false,
		"android_apps_development":false,
		"unix_linux_and_cybersecurity":false,
		"machine_learning":false,
		"computational_science":false
	},
	{
		"email":"achurchill@imsa.edu",
		"first_name":"Amy",
		"last_name":"Churchill",
		"computer_science_inquiry":true,
		"object_oriented_programming":false,
		"web_technologies":true,
		"advanced_programming":false,
		"microcontroller_applications":false,
		"advanced_web_technologies":false,
		"android_apps_development":false,
		"unix_linux_and_cybersecurity":false,
		"machine_learning":false,
		"computational_science":false
	},
	{
		"email":"tdaniel@imsa.edu",
		"first_name":"Tristan",
		"last_name":"Daniel",
		"computer_science_inquiry":true,
		"object_oriented_programming":true,
		"web_technologies":true,
		"advanced_programming":false,
		"microcontroller_applications":false,
		"advanced_web_technologies":true,
		"android_apps_development":false,
		"unix_linux_and_cybersecurity":false,
		"machine_learning":false,
		"computational_science":false
	},
	{
		"email":"tkovach@imsa.edu",
		"first_name":"Torin",
		"last_name":"Kovach",
		"computer_science_inquiry":true,
		"object_oriented_programming":true,
		"web_technologies":false,
		"advanced_programming":true,
		"microcontroller_applications":true,
		"advanced_web_technologies":false,
		"android_apps_development":false,
		"unix_linux_and_cybersecurity":false,
		"machine_learning":false,
		"computational_science":true
	},
	{
		"email":"jlee9@imsa.edu",
		"first_name":"Ji Yoon",
		"last_name":"Lee",
		"computer_science_inquiry":true,
		"object_oriented_programming":true,
		"web_technologies":false,
		"advanced_programming":false,
		"microcontroller_applications":false,
		"advanced_web_technologies":false,
		"android_apps_development":false,
		"unix_linux_and_cybersecurity":false,
		"machine_learning":false,
		"computational_science":false
	},
	{
		"email":"tlyke@imsa.edu",
		"first_name":"Trenton",
		"last_name":"Lyke",
		"computer_science_inquiry":true,
		"object_oriented_programming":true,
		"web_technologies":true,
		"advanced_programming":false,
		"microcontroller_applications":false,
		"advanced_web_technologies":true,
		"android_apps_development":false,
		"unix_linux_and_cybersecurity":false,
		"machine_learning":false,
		"computational_science":false
	},
	{
		"email":"emaxey@imsa.edu",
		"first_name":"Eden",
		"last_name":"Maxey",
		"computer_science_inquiry":true,
		"object_oriented_programming":true,
		"web_technologies":true,
		"advanced_programming":false,
		"microcontroller_applications":true,
		"advanced_web_technologies":true,
		"android_apps_development":false,
		"unix_linux_and_cybersecurity":false,
		"machine_learning":false,
		"computational_science":false
	},
	{
		"email":"lmilavec@imsa.edu",
		"first_name":"Lucas",
		"last_name":"Milavec",
		"computer_science_inquiry":true,
		"object_oriented_programming":true,
		"web_technologies":false,
		"advanced_programming":true,
		"microcontroller_applications":false,
		"advanced_web_technologies":false,
		"android_apps_development":false,
		"unix_linux_and_cybersecurity":false,
		"machine_learning":false,
		"computational_science":false
	},
	{
		"email":"morr@imsa.edu",
		"first_name":"Max",
		"last_name":"Orr",
		"computer_science_inquiry":true,
		"object_oriented_programming":true,
		"web_technologies":false,
		"advanced_programming":false,
		"microcontroller_applications":true,
		"advanced_web_technologies":false,
		"android_apps_development":false,
		"unix_linux_and_cybersecurity":false,
		"machine_learning":false,
		"computational_science":false
	},
	{
		"email":"nramos@imsa.edu",
		"first_name":"Nicholas",
		"last_name":"Ramos",
		"computer_science_inquiry":true,
		"object_oriented_programming":true,
		"web_technologies":false,
		"advanced_programming":true,
		"microcontroller_applications":false,
		"advanced_web_technologies":false,
		"android_apps_development":false,
		"unix_linux_and_cybersecurity":false,
		"machine_learning":false,
		"computational_science":true
	},
	{
		"email":"byang1@imsa.edu",
		"first_name":"Breanna",
		"last_name":"Yang",
		"computer_science_inquiry":true,
		"object_oriented_programming":true,
		"web_technologies":false,
		"advanced_programming":false,
		"microcontroller_applications":false,
		"advanced_web_technologies":false,
		"android_apps_development":false,
		"unix_linux_and_cybersecurity":false,
		"machine_learning":false,
		"computational_science":false
	}
]
