[
	{
		"letter":"A",
		"email":"vadivi@imsa.edu",
		"first_name":"Vibbav",
		"last_name":"Adivi",
		"from":"18:00:00",
		"to":"19:00:00"
	},
	{
		"letter":"B",
		"email":"vadivi@imsa.edu",
		"first_name":"Vibbav",
		"last_name":"Adivi",
		"from":"18:00:00",
		"to":"19:00:00"
	},
	{
		"letter":"B",
		"email":"schalasani@imsa.edu",
		"first_name":"Vasu",
		"last_name":"Chalasani",
		"from":"18:00:00",
		"to":"19:00:00"
	},
	{
		"letter":"C",
		"email":"schalasani@imsa.edu",
		"first_name":"Vasu",
		"last_name":"Chalasani",
		"from":"18:00:00",
		"to":"19:00:00"
	},
	{
		"letter":"A",
		"email":"achurchill@imsa.edu",
		"first_name":"Amy",
		"last_name":"Churchill",
		"from":"19:00:00",
		"to":"20:00:00"
	},
	{
		"letter":"I",
		"email":"achurchill@imsa.edu",
		"first_name":"Amy",
		"last_name":"Churchill",
		"from":"19:00:00",
		"to":"20:00:00"
	},
	{
		"letter":"C",
		"email":"achurchill@imsa.edu",
		"first_name":"Amy",
		"last_name":"Churchill",
		"from":"19:00:00",
		"to":"20:00:00"
	},
	{
		"letter":"C",
		"email":"tdaniel@imsa.edu",
		"first_name":"Tristan",
		"last_name":"Daniel",
		"from":"16:15:00",
		"to":"17:00:00"
	},
	{
		"letter":"A",
		"email":"tdaniel@imsa.edu",
		"first_name":"Tristan",
		"last_name":"Daniel",
		"from":"11:00:00",
		"to":"11:55:00"
	},
	{
		"letter":"A",
		"email":"tdaniel@imsa.edu",
		"first_name":"Tristan",
		"last_name":"Daniel",
		"from":"11:55:00",
		"to":"12:20:00"
	},
	{
		"letter":"D",
		"email":"tdaniel@imsa.edu",
		"first_name":"Tristan",
		"last_name":"Daniel",
		"from":"11:00:00",
		"to":"11:55:00"
	},
	{
		"letter":"D",
		"email":"tdaniel@imsa.edu",
		"first_name":"Tristan",
		"last_name":"Daniel",
		"from":"11:55:00",
		"to":"12:20:00"
	},
	{
		"letter":"B",
		"email":"tdaniel@imsa.edu",
		"first_name":"Tristan",
		"last_name":"Daniel",
		"from":"15:20:00",
		"to":"16:15:00"
	},
	{
		"letter":"A",
		"email":"tkovach@imsa.edu",
		"first_name":"Torin",
		"last_name":"Kovach",
		"from":"16:30:00",
		"to":"17:30:00"
	},
	{
		"letter":"B",
		"email":"tkovach@imsa.edu",
		"first_name":"Torin",
		"last_name":"Kovach",
		"from":"16:30:00",
		"to":"17:30:00"
	},
	{
		"letter":"I",
		"email":"jlee9@imsa.edu",
		"first_name":"Ji Yoon",
		"last_name":"Lee",
		"from":"20:00:00",
		"to":"21:00:00"
	},
	{
		"letter":"C",
		"email":"jlee9@imsa.edu",
		"first_name":"Ji Yoon",
		"last_name":"Lee",
		"from":"20:00:00",
		"to":"21:00:00"
	},
	{
		"letter":"A",
		"email":"tlyke@imsa.edu",
		"first_name":"Trenton",
		"last_name":"Lyke",
		"from":"12:20:00",
		"to":"13:15:00"
	},
	{
		"letter":"B",
		"email":"tlyke@imsa.edu",
		"first_name":"Trenton",
		"last_name":"Lyke",
		"from":"12:20:00",
		"to":"13:15:00"
	},
	{
		"letter":"C",
		"email":"tlyke@imsa.edu",
		"first_name":"Trenton",
		"last_name":"Lyke",
		"from":"12:20:00",
		"to":"13:15:00"
	},
	{
		"letter":"D",
		"email":"tlyke@imsa.edu",
		"first_name":"Trenton",
		"last_name":"Lyke",
		"from":"12:20:00",
		"to":"13:15:00"
	},
	{
		"letter":"A",
		"email":"emaxey@imsa.edu",
		"first_name":"Eden",
		"last_name":"Maxey",
		"from":"13:20:00",
		"to":"14:15:00"
	},
	{
		"letter":"D",
		"email":"emaxey@imsa.edu",
		"first_name":"Eden",
		"last_name":"Maxey",
		"from":"13:20:00",
		"to":"14:15:00"
	},
	{
		"letter":"C",
		"email":"emaxey@imsa.edu",
		"first_name":"Eden",
		"last_name":"Maxey",
		"from":"12:20:00",
		"to":"13:15:00"
	},
	{
		"letter":"A",
		"email":"lmilavec@imsa.edu",
		"first_name":"Lucas",
		"last_name":"Milavec",
		"from":"13:20:00",
		"to":"14:15:00"
	},
	{
		"letter":"B",
		"email":"lmilavec@imsa.edu",
		"first_name":"Lucas",
		"last_name":"Milavec",
		"from":"13:20:00",
		"to":"14:15:00"
	},
	{
		"letter":"D",
		"email":"lmilavec@imsa.edu",
		"first_name":"Lucas",
		"last_name":"Milavec",
		"from":"13:20:00",
		"to":"14:15:00"
	},
	{
		"letter":"B",
		"email":"morr@imsa.edu",
		"first_name":"Max",
		"last_name":"Orr",
		"from":"15:20:00",
		"to":"16:15:00"
	},
	{
		"letter":"D",
		"email":"morr@imsa.edu",
		"first_name":"Max",
		"last_name":"Orr",
		"from":"15:20:00",
		"to":"16:15:00"
	},
	{
		"letter":"S",
		"email":"nramos@imsa.edu",
		"first_name":"Nicholas",
		"last_name":"Ramos",
		"from":"18:00:00",
		"to":"20:00:00"
	},
	{
		"letter":"B",
		"email":"nramos@imsa.edu",
		"first_name":"Nicholas",
		"last_name":"Ramos",
		"from":"18:00:00",
		"to":"19:00:00"
	},
	{
		"letter":"A",
		"email":"byang1@imsa.edu",
		"first_name":"Breanna",
		"last_name":"Yang",
		"from":"18:00:00",
		"to":"19:00:00"
	},
	{
		"letter":"C",
		"email":"byang1@imsa.edu",
		"first_name":"Breanna",
		"last_name":"Yang",
		"from":"18:00:00",
		"to":"19:00:00"
	}
]
